Asset_1,Asset_2,P_Value,Hedge_Ratio
CHZ.SI,N2IU.SI,0.0,0.2829
G13.SI,Z25.SI,0.0,0.2135
1H3.SI,T6I.SI,0.0,-0.0017
1H3.SI,Z74.SI,0.0,-0.0008
1H3.SI,P15.SI,0.0,-0.0056
1H3.SI,P40U.SI,0.0,-0.009
1H3.SI,Q01.SI,0.0,-0.0079
1H3.SI,P8Z.SI,0.0,-0.0015
1H3.SI,O39.SI,0.0,-0.0003
1H3.SI,OV8.SI,0.0,-0.0012
1H3.SI,NR7.SI,0.0,-0.0125
1H3.SI,T82U.SI,0.0,-0.0032
1H3.SI,V03.SI,0.0,-0.0002
1H3.SI,U14.SI,0.0,-0.0003
1H3.SI,U06.SI,0.0,-0.0006
1H3.SI,D01.SI,0.0,-0.0006
1H3.SI,L19.SI,0.0,-0.0037
1H3.SI,M14.SI,0.0,-0.003
1H3.SI,M1GU.SI,0.0,-0.0088
1H3.SI,MXNU.SI,0.0,-0.012
1H3.SI,NPW.SI,0.0,-0.0043
1H3.SI,N2IU.SI,0.0,-0.0031
1H3.SI,C38U.SI,0.0,-0.0023
1H3.SI,J36.SI,0.0,-0.0
1H3.SI,H22.SI,0.0,-0.0005
1H3.SI,H78.SI,0.0,-0.0003
1H3.SI,S68.SI,0.0,-0.0002
1H3.SI,S69.SI,0.0,-0.0287
1H3.SI,S63.SI,0.0,-0.0003
1H3.SI,S56.SI,0.0,-0.003
1H3.SI,QC7.SI,0.0,-0.0044
1H3.SI,Q0F.SI,0.0,-0.0016
1H3.SI,CHZ.SI,0.0,-0.0113
1H3.SI,D05.SI,0.0,-0.0001
1H3.SI,BN4.SI,0.0,-0.0003
1H3.SI,A17U.SI,0.0,-0.0027
1H3.SI,53W.SI,0.0,-0.0079
1H3.SI,544.SI,0.0,-0.0019
1H3.SI,558.SI,0.0,-0.0023
1H3.SI,2318.HK,0.0,-0.0
1H3.SI,C07.SI,0.0,-0.0001
1H3.SI,C09.SI,0.0,-0.0003
1H3.SI,1MZ.SI,0.0,-0.002
1H3.SI,BUOU.SI,0.0,-0.0052
1H3.SI,BN2.SI,0.0,-0.004
1H3.SI,42C.SI,0.0,-0.008
1H3.SI,40T.SI,0.0,0.017
1H3.SI,41B.SI,0.0,-0.0025
1H3.SI,A31.SI,0.0,-0.0212
1H3.SI,BEC.SI,0.0,-0.0006
1H3.SI,G92.SI,0.0,-0.0013
1H3.SI,F34.SI,0.0,-0.0023
1H3.SI,5UF.SI,0.0,-0.0071
1H3.SI,5TP.SI,0.0,-0.0011
1H3.SI,5WJ.SI,0.0,-0.0023
1H3.SI,A04.SI,0.0,-0.005
1H3.SI,H02.SI,0.0,-0.0002
1H3.SI,5LY.SI,0.0,-0.0124
1H3.SI,EB5.SI,0.0,-0.0017
1H3.SI,D5IU.SI,0.0,0.172
1H3.SI,F03.SI,0.0,-0.0006
1H3.SI,F17.SI,0.0,-0.0011
G13.SI,OXMU.SI,1e-05,0.7387
1H3.SI,M44U.SI,1e-05,-0.0039
1H3.SI,5JS.SI,1e-05,-0.011
1H3.SI,S20.SI,1e-05,-0.0025
1H3.SI,K71U.SI,1e-05,-0.0041
1H3.SI,H13.SI,1e-05,-0.0017
1H3.SI,AW9U.SI,1e-05,-0.0259
1H3.SI,VC2.SI,1e-05,0.0046
1H3.SI,O10.SI,1e-05,-0.0028
1H3.SI,KUO.SI,1e-05,-0.0245
1H3.SI,J69U.SI,1e-05,-0.0033
1H3.SI,BQM.SI,1e-05,-0.0029
1H3.SI,E3B.SI,1e-05,-0.0023
1H3.SI,BKA.SI,1e-05,-0.0038
1H3.SI,JYEU.SI,2e-05,-0.0052
1H3.SI,42L.SI,2e-05,-0.0113
1H3.SI,ER0.SI,2e-05,-0.0049
5JS.SI,O10.SI,2e-05,0.228
D01.SI,J36.SI,2e-05,0.0621
1H3.SI,I07.SI,3e-05,-0.0075
1H3.SI,OYY.SI,3e-05,-0.0006
1H3.SI,CLN.SI,3e-05,-0.0022
1A0.SI,8AZ.SI,4e-05,0.0202
1A0.SI,1H3.SI,4e-05,0.8552
1A0.SI,MZH.SI,4e-05,0.0111
1H3.SI,CRPU.SI,4e-05,-0.0087
5JS.SI,E3B.SI,4e-05,0.1676
CLN.SI,ER0.SI,4e-05,1.9471
1H3.SI,C2PU.SI,5e-05,-0.0018
BKA.SI,MXNU.SI,5e-05,2.7667
G13.SI,JYEU.SI,6e-05,0.2986
1A0.SI,E5H.SI,6e-05,0.0449
1A0.SI,D5IU.SI,6e-05,0.1709
1A0.SI,Z25.SI,6e-05,0.0077
5JS.SI,U06.SI,6e-05,0.0451
1A0.SI,G13.SI,6e-05,0.0311
1A0.SI,40T.SI,7e-05,0.02
1A0.SI,ME8U.SI,7e-05,0.009
1A0.SI,CC3.SI,7e-05,0.0193
1A0.SI,S07.SI,7e-05,0.0016
1A0.SI,M44U.SI,7e-05,0.009
1A0.SI,CRPU.SI,7e-05,0.0259
1A0.SI,I07.SI,7e-05,0.0143
1A0.SI,AJBU.SI,7e-05,0.0037
1A0.SI,BFT.SI,8e-05,-0.0023
1A0.SI,BKA.SI,8e-05,-0.0012
1A0.SI,AP4.SI,8e-05,0.0024
1A0.SI,A31.SI,8e-05,-0.0059
1A0.SI,F99.SI,8e-05,0.0048
1A0.SI,H78.SI,8e-05,-0.0
1A0.SI,HQU.SI,8e-05,0.0009
1A0.SI,JYEU.SI,8e-05,0.0054
1A0.SI,BTOU.SI,8e-05,0.0461
1A0.SI,BQD.SI,8e-05,-0.0073
1A0.SI,5WF.SI,8e-05,0.0329
1A0.SI,1D4.SI,8e-05,-0.0033
1A0.SI,5LY.SI,8e-05,-0.0049
1A0.SI,42C.SI,8e-05,-0.0022
1A0.SI,42T.SI,8e-05,-0.0049
1A0.SI,544.SI,8e-05,-0.0002
1A0.SI,Z74.SI,8e-05,-0.0003
1A0.SI,Y92.SI,8e-05,0.0172
1A0.SI,VC2.SI,8e-05,0.0064
1A0.SI,OYY.SI,8e-05,0.0006
1A0.SI,S08.SI,8e-05,0.0024
1A0.SI,Q0F.SI,8e-05,-0.0003
1A0.SI,S63.SI,8e-05,-0.0001
1A0.SI,S69.SI,8e-05,-0.0055
1A0.SI,41O.SI,8e-05,0.0018
1A0.SI,U96.SI,8e-05,-0.0003
1A0.SI,OV8.SI,8e-05,-0.0005
1A0.SI,O10.SI,8e-05,0.0018
1A0.SI,NR7.SI,8e-05,-0.0049
1A0.SI,O39.SI,8e-05,-0.0001
1A0.SI,NS8U.SI,8e-05,0.0091
1A0.SI,CLN.SI,8e-05,0.0023
1A0.SI,F03.SI,8e-05,-0.0001
1A0.SI,ER0.SI,8e-05,0.0037
1A0.SI,558.SI,9e-05,0.0006
1A0.SI,BS6.SI,9e-05,0.0001
1A0.SI,BSL.SI,9e-05,0.0017
1A0.SI,5TP.SI,9e-05,0.0002
1A0.SI,5WJ.SI,9e-05,0.0007
1A0.SI,C07.SI,9e-05,-0.0
1A0.SI,5E2.SI,9e-05,0.0025
1A0.SI,1D0.SI,9e-05,-0.0007
1A0.SI,BQM.SI,9e-05,0.0
1A0.SI,1E3.SI,9e-05,0.0018
1A0.SI,5JS.SI,9e-05,0.0037
1A0.SI,5UF.SI,9e-05,0.0029
1A0.SI,U14.SI,9e-05,0.0
1A0.SI,T6I.SI,9e-05,0.0005
1A0.SI,V03.SI,9e-05,0.0002
1A0.SI,2318.HK,9e-05,0.0
1A0.SI,42L.SI,9e-05,0.0098
1A0.SI,KJ5.SI,9e-05,0.0023
1A0.SI,C2PU.SI,9e-05,0.0002
1A0.SI,J69U.SI,9e-05,0.0002
1A0.SI,J36.SI,9e-05,-0.0
1A0.SI,K71U.SI,9e-05,0.0021
1A0.SI,BUOU.SI,9e-05,0.0043
1A0.SI,1MZ.SI,9e-05,0.0003
1A0.SI,F17.SI,9e-05,0.0003
1A0.SI,H22.SI,9e-05,0.0002
1A0.SI,H13.SI,9e-05,0.0011
1A0.SI,C09.SI,9e-05,0.0001
1A0.SI,AW9U.SI,9e-05,0.0152
1A0.SI,AWX.SI,9e-05,0.0009
1A0.SI,P52.SI,9e-05,0.0006
1A0.SI,P40U.SI,9e-05,0.0038
1A0.SI,P15.SI,9e-05,0.0006
1A0.SI,OXMU.SI,9e-05,0.0109
1A0.SI,S58.SI,9e-05,0.0007
1A0.SI,S68.SI,9e-05,0.0001
1A0.SI,S56.SI,9e-05,0.0017
1A0.SI,UD1U.SI,9e-05,0.0008
1A0.SI,S41.SI,9e-05,0.0004
1A0.SI,P8Z.SI,9e-05,0.0007
1A0.SI,Q01.SI,9e-05,-0.0002
1A0.SI,QC7.SI,9e-05,0.0008
1A0.SI,S20.SI,9e-05,0.0015
1A0.SI,53W.SI,9e-05,0.0003
1A0.SI,A7RU.SI,9e-05,0.005
1A0.SI,41B.SI,9e-05,0.0007
1A0.SI,T82U.SI,9e-05,0.0002
1A0.SI,U06.SI,9e-05,0.0001
1A0.SI,EB5.SI,9e-05,0.0004
1A0.SI,NPW.SI,9e-05,-0.0002
1A0.SI,D01.SI,9e-05,-0.0001
1A0.SI,CHZ.SI,9e-05,0.0067
1A0.SI,C6L.SI,9e-05,0.0007
1A0.SI,E28.SI,9e-05,0.0011
1A0.SI,C52.SI,9e-05,0.0041
1A0.SI,H02.SI,9e-05,0.0
1A0.SI,G92.SI,9e-05,0.0001
1A0.SI,A17U.SI,9e-05,0.0023
1A0.SI,BN2.SI,9e-05,0.0016
1A0.SI,BN4.SI,9e-05,0.0
1A0.SI,BEC.SI,9e-05,0.0002
1A0.SI,A04.SI,9e-05,0.0001
1A0.SI,E3B.SI,9e-05,0.0011
1A0.SI,D05.SI,9e-05,0.0
1A0.SI,M1GU.SI,9e-05,0.0013
1A0.SI,M14.SI,9e-05,0.0007
1A0.SI,L19.SI,9e-05,0.0007
1A0.SI,KUO.SI,9e-05,0.0213
1A0.SI,C38U.SI,9e-05,0.0008
1A0.SI,OU8.SI,9e-05,0.0002
1A0.SI,N2IU.SI,9e-05,0.0023
1A0.SI,MXNU.SI,9e-05,0.0061
1A0.SI,9CI.SI,0.0001,0.0037
1A0.SI,F34.SI,0.00011,0.0022
1H3.SI,U11.SI,0.00011,-0.0001
40T.SI,BSL.SI,0.00011,-0.2583
CLN.SI,OYY.SI,0.00016,0.2515
A31.SI,NPW.SI,0.00018,0.1932
1E3.SI,N2IU.SI,0.00018,0.7494
5JS.SI,D01.SI,0.00024,0.0374
5JS.SI,P40U.SI,0.00026,0.6111
CHZ.SI,P40U.SI,0.00035,0.7753
H22.SI,T6I.SI,0.00039,2.9474
G13.SI,O10.SI,0.00041,0.1287
G13.SI,V03.SI,0.00043,0.0103
53W.SI,NPW.SI,0.00047,0.3796
F03.SI,S41.SI,0.00049,5.0747
G13.SI,P8Z.SI,0.00051,0.0611
5JS.SI,BN2.SI,0.00052,0.2615
G13.SI,ME8U.SI,0.00052,0.2075
G13.SI,OYY.SI,0.00053,0.0282
5JS.SI,J36.SI,0.00053,0.0023
5JS.SI,N2IU.SI,0.00062,0.2213
1E3.SI,5JS.SI,0.00069,3.0917
1A0.SI,U11.SI,0.00071,0.0005
I07.SI,OYY.SI,0.00073,0.0695
G13.SI,N2IU.SI,0.00074,0.1297
G13.SI,NS8U.SI,0.0008,0.5435
G13.SI,K71U.SI,0.00088,0.1816
G13.SI,G92.SI,0.00098,0.0521
G13.SI,T82U.SI,0.00099,0.1307
S41.SI,S68.SI,0.00105,0.0593
C38U.SI,S68.SI,0.00106,0.0929
BQD.SI,C07.SI,0.00108,0.0078
53W.SI,D5IU.SI,0.00109,-13.892
P15.SI,S41.SI,0.0011,0.5631
53W.SI,Q01.SI,0.00115,0.7288
A17U.SI,S68.SI,0.00118,0.0707
G13.SI,T6I.SI,0.00121,0.0622
BN2.SI,M1GU.SI,0.00128,1.9929
1E3.SI,CHZ.SI,0.00128,2.5338
CRPU.SI,F99.SI,0.0013,0.2903
BQD.SI,F99.SI,0.00132,0.2567
CHZ.SI,M1GU.SI,0.00137,0.6764
S07.SI,VC2.SI,0.0014,2.9303
53W.SI,U14.SI,0.0014,0.024
53W.SI,L19.SI,0.00141,0.3532
G13.SI,U06.SI,0.00141,0.0246
G13.SI,H13.SI,0.00142,0.0816
N2IU.SI,P40U.SI,0.00147,2.7276
G13.SI,S20.SI,0.00147,0.1126
1D0.SI,D01.SI,0.00154,0.0493
42L.SI,Q01.SI,0.00161,0.4908
G13.SI,UD1U.SI,0.00163,0.6724
E3B.SI,O10.SI,0.00167,1.2928
G13.SI,M44U.SI,0.00168,0.2058
53W.SI,C09.SI,0.00178,0.0281
BEC.SI,S68.SI,0.0018,0.3289
40T.SI,Y92.SI,0.00188,0.7451
BN2.SI,P40U.SI,0.00189,2.2596
G13.SI,P40U.SI,0.00189,0.3397
BQD.SI,OXMU.SI,0.0019,0.984
G13.SI,KUO.SI,0.00192,1.2381
G13.SI,S08.SI,0.00198,-0.264
G13.SI,KJ5.SI,0.00199,0.3983
5JS.SI,CHZ.SI,0.00201,0.7492
BEC.SI,C38U.SI,0.00201,3.4321
BQD.SI,V03.SI,0.00202,0.0155
A17U.SI,P52.SI,0.00205,0.5536
G13.SI,P52.SI,0.00208,0.0561
G13.SI,H22.SI,0.0021,0.0204
L19.SI,U14.SI,0.00212,0.0667
G13.SI,I07.SI,0.00213,0.3998
G13.SI,J36.SI,0.00213,0.0013
S08.SI,V03.SI,0.00213,-0.0184
G13.SI,S68.SI,0.00215,0.0071
BQD.SI,BUOU.SI,0.00217,0.3472
1D0.SI,J36.SI,0.00221,0.0031
G13.SI,M1GU.SI,0.00222,0.2852
A17U.SI,BKA.SI,0.0023,1.3692
53W.SI,5WJ.SI,0.00232,0.2357
E3B.SI,U06.SI,0.00242,0.2628
G13.SI,QC7.SI,0.00246,0.146
BN2.SI,H02.SI,0.0025,0.0488
G13.SI,S58.SI,0.00258,0.0515
BN4.SI,L19.SI,0.00259,14.3695
A17U.SI,MXNU.SI,0.0026,4.0416
1E3.SI,P40U.SI,0.00261,2.0758
G13.SI,H02.SI,0.00264,0.0065
5JS.SI,H02.SI,0.00267,0.0129
BN2.SI,T6I.SI,0.0027,0.4224
53W.SI,O39.SI,0.00272,0.0234
G13.SI,OV8.SI,0.00279,0.0364
40T.SI,S63.SI,0.00279,-0.0113
BUOU.SI,T82U.SI,0.00281,0.5391
53W.SI,544.SI,0.00298,0.1637
53W.SI,F17.SI,0.003,0.1052
BN2.SI,CHZ.SI,0.003,2.749
CRPU.SI,JYEU.SI,0.00307,0.4745
BN2.SI,O10.SI,0.00307,0.819
42C.SI,Q0F.SI,0.0031,0.196
S20.SI,S56.SI,0.0031,1.0354
AJBU.SI,BKA.SI,0.00317,0.8668
BQD.SI,T82U.SI,0.00319,0.2115
53W.SI,H78.SI,0.00319,0.0309
G13.SI,M14.SI,0.00322,0.1062
G13.SI,L19.SI,0.00332,0.1211
5JS.SI,T6I.SI,0.00333,0.1161
G13.SI,U14.SI,0.00344,0.0088
H02.SI,M1GU.SI,0.00349,39.6135
CHZ.SI,P8Z.SI,0.00352,0.1287
L19.SI,S56.SI,0.00362,0.8171
S07.SI,Z25.SI,0.0037,2.2131
BQD.SI,OV8.SI,0.00385,0.0678
53W.SI,S56.SI,0.00398,0.3055
H22.SI,U06.SI,0.00398,1.1447
2318.HK,L19.SI,0.004,73.8294
53W.SI,NR7.SI,0.00405,1.0164
2318.HK,NPW.SI,0.00407,78.0016
G13.SI,S69.SI,0.0041,0.8549
53W.SI,BN4.SI,0.00413,0.0223
BQD.SI,JYEU.SI,0.00418,0.4287
53W.SI,5UF.SI,0.00418,0.7006
2318.HK,544.SI,0.0042,35.8162
C07.SI,M14.SI,0.00425,21.995
BKA.SI,S41.SI,0.00425,0.7566
G13.SI,NPW.SI,0.00425,0.1192
G13.SI,H78.SI,0.00447,0.011
40T.SI,J69U.SI,0.00484,-0.1476
5JS.SI,NS8U.SI,0.00491,0.9632
S68.SI,T6I.SI,0.00491,7.7493
53W.SI,9CI.SI,0.00495,0.191
H02.SI,T6I.SI,0.00498,8.5051
E3B.SI,NS8U.SI,0.00501,5.5728
C6L.SI,S63.SI,0.00503,0.1289
NR7.SI,O39.SI,0.00523,0.0216
G13.SI,Z74.SI,0.00529,0.0231
OXMU.SI,Z25.SI,0.00535,0.2383
D05.SI,M1GU.SI,0.00544,110.3197
AJBU.SI,G13.SI,0.00547,2.7915
BQD.SI,G92.SI,0.00558,0.0839
J36.SI,T6I.SI,0.00562,47.5837
CHZ.SI,D05.SI,0.00572,0.0059
BUOU.SI,CHZ.SI,0.00577,1.7711
5LY.SI,M14.SI,0.00585,0.2413
A04.SI,S08.SI,0.00586,-1.8685
5JS.SI,ER0.SI,0.00588,0.3747
2318.HK,U14.SI,0.00598,5.0579
A04.SI,BUOU.SI,0.00599,1.1361
CRPU.SI,G13.SI,0.00599,0.921
5E2.SI,HQU.SI,0.00602,0.4378
AWX.SI,F99.SI,0.00607,2.0623
MXNU.SI,S68.SI,0.00609,0.0165
QC7.SI,S20.SI,0.0061,0.6091
53W.SI,H02.SI,0.00613,0.0182
G13.SI,P15.SI,0.00613,0.1658
C52.SI,F03.SI,0.00622,0.0713
BQD.SI,D05.SI,0.00625,0.0044
53W.SI,5TP.SI,0.00626,0.0985
53W.SI,J36.SI,0.00629,0.0031
F99.SI,OXMU.SI,0.00638,3.4538
53W.SI,G92.SI,0.0064,0.1144
G13.SI,NR7.SI,0.00644,0.3312
C38U.SI,H02.SI,0.00655,0.0862
NS8U.SI,U06.SI,0.00662,0.0436
CHZ.SI,T6I.SI,0.00662,0.1435
1D0.SI,D05.SI,0.00664,0.0062
G13.SI,Q0F.SI,0.00668,0.0482
G13.SI,J69U.SI,0.00675,0.1039
G13.SI,Q01.SI,0.00682,0.2516
S07.SI,V03.SI,0.007,0.0824
BN2.SI,E3B.SI,0.00701,0.6098
BKA.SI,P52.SI,0.00707,0.382
53W.SI,C38U.SI,0.00708,0.2003
S07.SI,T82U.SI,0.00737,0.7762
S41.SI,S63.SI,0.00749,0.0727
G13.SI,S07.SI,0.00751,0.0433
H13.SI,NS8U.SI,0.00751,6.5275
G13.SI,HQU.SI,0.00757,0.052
BQD.SI,CHZ.SI,0.0076,0.6787
M1GU.SI,S68.SI,0.00771,0.0253
M14.SI,Q0F.SI,0.00771,0.4786
BN2.SI,N2IU.SI,0.00772,0.8057
C52.SI,S68.SI,0.00773,0.0225
5JS.SI,S68.SI,0.00775,0.0137
D05.SI,G92.SI,0.00782,17.85
558.SI,S41.SI,0.00785,1.351
CRPU.SI,OYY.SI,0.00789,0.0489
MXNU.SI,NS8U.SI,0.008,1.1447
G13.SI,S56.SI,0.00801,0.1167
S20.SI,U06.SI,0.00805,0.2135
40T.SI,A17U.SI,0.00827,-0.1064
5UF.SI,F17.SI,0.00828,0.1437
53W.SI,D05.SI,0.00828,0.0064
53W.SI,M1GU.SI,0.00833,0.7069
53W.SI,T6I.SI,0.00834,0.1527
L19.SI,NPW.SI,0.00839,1.0149
G13.SI,MXNU.SI,0.00844,0.4061
BQD.SI,P8Z.SI,0.00847,0.0966
G13.SI,S41.SI,0.00849,0.1052
53W.SI,Q0F.SI,0.0086,0.1273
A04.SI,T82U.SI,0.0087,0.6839
BUOU.SI,NPW.SI,0.00871,0.6083
53W.SI,H22.SI,0.00884,0.0515
CRPU.SI,Z25.SI,0.00895,0.268
53W.SI,BQM.SI,0.00896,0.2976
BQD.SI,H13.SI,0.00899,0.1218
53W.SI,BUOU.SI,0.00903,0.4637
S68.SI,U06.SI,0.00921,3.0227
53W.SI,5LY.SI,0.00925,0.9747
BQD.SI,S20.SI,0.0093,0.1756
F03.SI,P15.SI,0.00935,8.6855
544.SI,L19.SI,0.00937,1.9847
53W.SI,V03.SI,0.00942,0.0198
S07.SI,U11.SI,0.00946,0.0924
CRPU.SI,O10.SI,0.00946,0.2208
QC7.SI,S68.SI,0.00947,0.0469
53W.SI,EB5.SI,0.00947,0.1294
C52.SI,P15.SI,0.00952,0.601
E3B.SI,H22.SI,0.00971,0.2219
P52.SI,S68.SI,0.00994,0.1222
53W.SI,A7RU.SI,0.01017,0.8484
S08.SI,S69.SI,0.01022,-2.0886
1D0.SI,2318.HK,0.01036,0.0041
1E3.SI,CRPU.SI,0.01058,2.8374
2318.HK,D01.SI,0.01059,11.1411
MXNU.SI,P52.SI,0.01068,0.1317
S07.SI,Y92.SI,0.01074,6.6208
BN2.SI,S68.SI,0.01078,0.0522
BN2.SI,MXNU.SI,0.01084,2.9925
NPW.SI,U14.SI,0.01094,0.0611
C09.SI,G92.SI,0.01094,4.2419
5JS.SI,BQD.SI,0.01096,0.7649
BQD.SI,CRPU.SI,0.01097,0.7824
53W.SI,D01.SI,0.01101,0.0485
BQD.SI,N2IU.SI,0.01106,0.2013
E5H.SI,O10.SI,0.01106,0.1295
53W.SI,KUO.SI,0.01107,2.5159
O10.SI,S20.SI,0.01121,0.8167
H78.SI,Q01.SI,0.01154,22.2359
2318.HK,S56.SI,0.01157,65.4165
C6L.SI,OU8.SI,0.01173,0.7896
BKA.SI,KJ5.SI,0.01177,2.6578
H13.SI,S20.SI,0.01183,1.3982
BQD.SI,BS6.SI,0.01187,0.0504
BQD.SI,M14.SI,0.01192,0.1811
BQM.SI,S20.SI,0.01227,0.8135
ME8U.SI,S07.SI,0.01229,0.1814
T6I.SI,U06.SI,0.01231,0.3804
C52.SI,P52.SI,0.01234,0.1776
BKA.SI,S68.SI,0.01237,0.0475
AWX.SI,V03.SI,0.01243,0.1197
O10.SI,P52.SI,0.01247,0.4844
Q0F.SI,S08.SI,0.01249,-5.7325
53W.SI,S41.SI,0.01252,0.2925
A17U.SI,QC7.SI,0.01253,1.4079
5JS.SI,E5H.SI,0.0126,1.3408
O10.SI,S68.SI,0.01263,0.0601
5JS.SI,CRPU.SI,0.01266,0.8479
53W.SI,S63.SI,0.01282,0.0232
8AZ.SI,CRPU.SI,0.01291,1.2806
M44U.SI,S08.SI,0.01294,-1.4215
BQD.SI,C09.SI,0.01294,0.0188
BUOU.SI,S69.SI,0.01306,4.0232
1801.HK,BKA.SI,0.01307,215.9623
MXNU.SI,QC7.SI,0.0132,0.3385
O10.SI,P40U.SI,0.01326,2.6252
J36.SI,NPW.SI,0.01334,106.7029
40T.SI,Z74.SI,0.01365,-0.0296
AWX.SI,BS6.SI,0.01375,0.4112
F99.SI,JYEU.SI,0.01383,1.5411
C38U.SI,T6I.SI,0.01383,0.745
BQD.SI,EB5.SI,0.01393,0.0939
T82U.SI,V03.SI,0.01402,0.0697
S07.SI,UD1U.SI,0.0141,4.6694
BQD.SI,D01.SI,0.01432,0.0345
40T.SI,C2PU.SI,0.01445,-0.0867
40T.SI,S41.SI,0.01468,-0.1244
G13.SI,O39.SI,0.01497,0.0084
P15.SI,S68.SI,0.01506,0.0355
BN2.SI,H22.SI,0.01508,0.1367
CHZ.SI,J36.SI,0.01515,0.0029
5JS.SI,JYEU.SI,0.01515,0.4592
BSL.SI,Y92.SI,0.01517,-2.4047
40T.SI,C38U.SI,0.01528,-0.0868
BUOU.SI,D05.SI,0.0154,0.011
F17.SI,G92.SI,0.01545,1.094
8AZ.SI,I07.SI,0.01551,0.9597
JYEU.SI,OXMU.SI,0.01553,2.1079
G13.SI,U11.SI,0.01567,0.0083
53W.SI,BN2.SI,0.01573,0.3359
53W.SI,E3B.SI,0.01586,0.2174
544.SI,F17.SI,0.01586,0.623
BQD.SI,J36.SI,0.01594,0.0022
BQD.SI,NPW.SI,0.01605,0.2398
O10.SI,U06.SI,0.01606,0.1933
CHZ.SI,H02.SI,0.01613,0.0164
S07.SI,S69.SI,0.01617,5.014
S07.SI,S08.SI,0.01618,-2.3868
E5H.SI,N2IU.SI,0.01621,0.1294
53W.SI,S20.SI,0.01634,0.2448
C52.SI,J69U.SI,0.01643,0.3989
1D0.SI,H13.SI,0.01651,0.1721
G13.SI,S63.SI,0.01655,0.0053
P8Z.SI,S08.SI,0.01659,-5.4387
C52.SI,U06.SI,0.01661,0.0695
KJ5.SI,P52.SI,0.01663,0.1317
M44U.SI,S69.SI,0.01664,3.9493
BQD.SI,M1GU.SI,0.01694,0.4932
BUOU.SI,P8Z.SI,0.01714,0.2417
P52.SI,S41.SI,0.01715,1.8885
C52.SI,O10.SI,0.01718,0.3474
5E2.SI,8AZ.SI,0.0172,1.8036
BN2.SI,D01.SI,0.01723,0.1365
53W.SI,U06.SI,0.01729,0.0577
5JS.SI,M1GU.SI,0.01732,0.5249
558.SI,S20.SI,0.01752,1.1556
M44U.SI,V03.SI,0.01755,0.0405
CC3.SI,VC2.SI,0.01755,0.1703
S07.SI,S56.SI,0.01755,0.4449
5E2.SI,KJ5.SI,0.01758,2.496
CHZ.SI,D01.SI,0.01761,0.0463
E5H.SI,H13.SI,0.01771,0.0787
C09.SI,EB5.SI,0.01781,4.7243
53W.SI,Z74.SI,0.01789,0.0608
S07.SI,S20.SI,0.0179,0.4826
53W.SI,OV8.SI,0.01791,0.0907
5JS.SI,H22.SI,0.01803,0.0377
53W.SI,F34.SI,0.01807,0.1785
A17U.SI,P15.SI,0.01819,1.8532
AW9U.SI,P52.SI,0.01836,0.0541
BN2.SI,NS8U.SI,0.01839,3.5604
AJBU.SI,CLN.SI,0.01853,0.6344
CLN.SI,I07.SI,0.01861,3.2059
5JS.SI,CLN.SI,0.01881,0.1924
BQD.SI,E3B.SI,0.01887,0.153
I07.SI,NS8U.SI,0.01891,1.3704
2318.HK,53W.SI,0.01898,132.3476
C09.SI,L19.SI,0.01909,12.011
42L.SI,558.SI,0.01919,0.1394
AJBU.SI,ER0.SI,0.01922,1.2446
BEC.SI,H22.SI,0.01929,0.8634
CRPU.SI,E5H.SI,0.01935,1.4054
S07.SI,U14.SI,0.0194,0.0294
5JS.SI,BEC.SI,0.01941,0.0403
BQD.SI,O10.SI,0.01941,0.1972
BQD.SI,BQM.SI,0.01978,0.2147
5E2.SI,Y92.SI,0.01989,-1.9763
5E2.SI,ER0.SI,0.01991,1.0707
BQD.SI,P40U.SI,0.02009,0.5519
53W.SI,S68.SI,0.02017,0.0184
F03.SI,S68.SI,0.02019,0.3176
BUOU.SI,V03.SI,0.02036,0.0397
G92.SI,L19.SI,0.02039,2.6992
E3B.SI,S20.SI,0.02041,1.1032
CRPU.SI,OXMU.SI,0.02041,1.0559
40T.SI,S68.SI,0.02043,-0.008
M14.SI,S08.SI,0.0208,-2.6922
BN2.SI,C38U.SI,0.02081,0.5373
5E2.SI,P52.SI,0.02088,0.3188
53W.SI,F03.SI,0.0209,0.054
P40U.SI,S68.SI,0.02096,0.0225
E3B.SI,T6I.SI,0.02096,0.6672
558.SI,QC7.SI,0.02096,1.665
5E2.SI,OYY.SI,0.02103,0.133
5E2.SI,CLN.SI,0.02112,0.5496
M14.SI,T82U.SI,0.02116,0.9927
C52.SI,H22.SI,0.02126,0.0567
41O.SI,AJBU.SI,0.02129,1.2373
53W.SI,E28.SI,0.02152,0.1395
S07.SI,U06.SI,0.02156,0.0635
E3B.SI,J36.SI,0.02161,0.0136
1MZ.SI,53W.SI,0.02167,3.4027
40T.SI,C52.SI,0.02175,-0.211
S07.SI,T6I.SI,0.02195,0.1591
AP4.SI,U96.SI,0.02198,-0.1313
BUOU.SI,C07.SI,0.02209,0.0197
BQD.SI,S69.SI,0.02211,1.5226
MXNU.SI,P15.SI,0.02234,0.4441
5E2.SI,BKA.SI,0.02279,0.7283
53W.SI,NS8U.SI,0.02281,1.1728
C52.SI,Z74.SI,0.02282,0.0721
H13.SI,J36.SI,0.02285,0.0164
G13.SI,OU8.SI,0.02287,0.0272
BEC.SI,BN2.SI,0.02301,6.0006
5E2.SI,AJBU.SI,0.02312,0.793
A17U.SI,BEC.SI,0.02312,0.2056
C52.SI,T6I.SI,0.02333,0.1732
D05.SI,NPW.SI,0.02336,53.4486
BQD.SI,Z25.SI,0.0234,0.2283
53W.SI,BEC.SI,0.0235,0.0529
CRPU.SI,S08.SI,0.02352,-0.4783
C52.SI,J36.SI,0.02357,0.0037
H22.SI,S20.SI,0.02371,4.8016
BUOU.SI,J36.SI,0.02399,0.0054
C6L.SI,Y92.SI,0.02402,-6.6611
C2PU.SI,Y92.SI,0.02409,-5.2991
53W.SI,AWX.SI,0.02409,0.1375
A04.SI,Q0F.SI,0.02409,0.3093
H02.SI,J36.SI,0.02414,0.1738
53W.SI,CHZ.SI,0.02437,0.9157
D01.SI,D05.SI,0.02448,0.1223
53W.SI,S69.SI,0.02449,2.1446
BQD.SI,G13.SI,0.02463,0.7623
AJBU.SI,UD1U.SI,0.02474,3.9295
S07.SI,U96.SI,0.02479,-0.2881
CRPU.SI,ER0.SI,0.0248,0.379
J69U.SI,S68.SI,0.02501,0.0511
ER0.SI,OYY.SI,0.02509,0.1241
CLN.SI,O10.SI,0.02524,1.0892
BN2.SI,QC7.SI,0.02527,1.0607
BQD.SI,NR7.SI,0.02536,0.6644
BUOU.SI,G92.SI,0.0254,0.2059
BQD.SI,E5H.SI,0.02577,1.0965
AW9U.SI,MXNU.SI,0.02579,0.3979
BEC.SI,MXNU.SI,0.02583,18.706
53W.SI,N2IU.SI,0.02592,0.2704
5E2.SI,AW9U.SI,0.02593,6.1704
53W.SI,P15.SI,0.0261,0.4811
C52.SI,S63.SI,0.02613,0.0274
AW9U.SI,ER0.SI,0.02642,0.1854
40T.SI,H02.SI,0.02645,-0.0074
NS8U.SI,O10.SI,0.02654,0.2145
5WF.SI,OU8.SI,0.02668,0.0351
C38U.SI,M1GU.SI,0.02684,3.4413
C52.SI,S56.SI,0.0269,0.338
558.SI,H78.SI,0.02694,0.1323
S68.SI,Z74.SI,0.02699,3.2579
41B.SI,J36.SI,0.02714,0.0141
AJBU.SI,HQU.SI,0.02729,0.3889
1D0.SI,M1GU.SI,0.02745,0.6964
1E3.SI,K71U.SI,0.02749,1.0406
5LY.SI,NR7.SI,0.02761,0.9623
MXNU.SI,O10.SI,0.02778,0.2555
E5H.SI,OYY.SI,0.02802,0.0285
5E2.SI,UD1U.SI,0.02823,3.0633
C52.SI,E3B.SI,0.02828,0.2573
5E2.SI,U06.SI,0.02846,0.109
1D0.SI,T6I.SI,0.0285,0.1498
BUOU.SI,EB5.SI,0.02853,0.2409
S08.SI,T82U.SI,0.02882,-0.2515
E3B.SI,H13.SI,0.02887,0.7579
BN2.SI,S20.SI,0.02892,0.6904
C52.SI,D01.SI,0.02905,0.0576
AJBU.SI,E5H.SI,0.02905,4.2184
5E2.SI,F99.SI,0.02907,0.7685
S41.SI,U06.SI,0.02916,0.1812
2318.HK,G92.SI,0.02928,25.7267
5E2.SI,Z25.SI,0.0293,0.6706
G13.SI,Y92.SI,0.02933,-0.0705
BQD.SI,L19.SI,0.02943,0.2238
H13.SI,T6I.SI,0.0295,0.8086
1E3.SI,F99.SI,0.02985,0.8916
1D0.SI,CHZ.SI,0.02989,0.9546
AW9U.SI,BKA.SI,0.02994,0.1306
BQD.SI,K71U.SI,0.03009,0.2733
S41.SI,Z74.SI,0.03014,0.1956
BQD.SI,S56.SI,0.0303,0.192
KJ5.SI,S20.SI,0.03038,0.2272
53W.SI,A17U.SI,0.03039,0.2377
1D4.SI,53W.SI,0.03059,0.5904
53W.SI,QC7.SI,0.03063,0.3612
E5H.SI,H22.SI,0.0307,0.0215
F99.SI,O10.SI,0.03074,0.7529
C07.SI,S08.SI,0.03075,-66.4642
H13.SI,S68.SI,0.03106,0.0963
53W.SI,A31.SI,0.03113,1.8553
5E2.SI,P15.SI,0.03122,0.8786
5E2.SI,H22.SI,0.03143,0.0835
5E2.SI,OU8.SI,0.03146,0.2749
BN2.SI,U06.SI,0.03152,0.1638
1H3.SI,BQD.SI,0.03164,-0.0114
D05.SI,J36.SI,0.03211,0.4812
5E2.SI,O10.SI,0.03214,0.6201
AWX.SI,BQD.SI,0.0322,5.7354
C52.SI,S41.SI,0.03221,0.3687
Q01.SI,U14.SI,0.03222,0.0311
5E2.SI,NS8U.SI,0.03234,2.6868
5E2.SI,MZH.SI,0.03243,0.8456
CRPU.SI,T6I.SI,0.03247,0.1083
C09.SI,F17.SI,0.03257,3.7567
9CI.SI,Q01.SI,0.03262,2.7303
53W.SI,BQD.SI,0.03263,0.9108
BEC.SI,T6I.SI,0.03295,2.642
S07.SI,S68.SI,0.03304,0.001
E5H.SI,T6I.SI,0.0333,0.0662
BQM.SI,C09.SI,0.03332,0.0838
5E2.SI,KUO.SI,0.03335,3.6765
53W.SI,E5H.SI,0.03344,1.4151
2318.HK,H78.SI,0.0335,6.6544
G13.SI,U96.SI,0.03356,-0.0018
D05.SI,H02.SI,0.03357,2.7067
U11.SI,U14.SI,0.03363,0.4564
AJBU.SI,P52.SI,0.03363,0.3529
5TP.SI,CHZ.SI,0.03363,9.5955
P8Z.SI,T82U.SI,0.03364,2.0854
5E2.SI,JYEU.SI,0.03372,0.944
ER0.SI,K71U.SI,0.03372,0.7619
C52.SI,MXNU.SI,0.03377,1.2334
C52.SI,Q01.SI,0.03393,0.784
BQD.SI,H02.SI,0.03409,0.0117
5E2.SI,BEC.SI,0.03412,0.1067
1D0.SI,H22.SI,0.03421,0.0491
42C.SI,O39.SI,0.03425,0.0318
5E2.SI,QC7.SI,0.03453,0.6009
1D0.SI,S68.SI,0.03466,0.0182
BQD.SI,QC7.SI,0.03471,0.2577
AWX.SI,OXMU.SI,0.0348,7.7113
BEC.SI,E5H.SI,0.03487,27.4136
40T.SI,558.SI,0.03518,-0.0811
42L.SI,KUO.SI,0.03523,1.8865
G92.SI,T82U.SI,0.03529,2.521
NS8U.SI,S20.SI,0.03539,0.1781
5E2.SI,S20.SI,0.03539,0.4942
40T.SI,AW9U.SI,0.0354,-0.9389
BQD.SI,NS8U.SI,0.03548,0.8605
F99.SI,G13.SI,0.03552,2.8555
1D0.SI,NPW.SI,0.03557,0.3326
5E2.SI,BQM.SI,0.0357,0.5195
40T.SI,M1GU.SI,0.03591,-0.2881
5E2.SI,5JS.SI,0.03598,2.0576
53W.SI,M44U.SI,0.036,0.3668
5E2.SI,H13.SI,0.03604,0.2623
BN2.SI,S41.SI,0.03607,0.7956
C38U.SI,F03.SI,0.03615,0.2772
41B.SI,T6I.SI,0.03616,0.7055
1D4.SI,O39.SI,0.03624,0.021
N2IU.SI,O10.SI,0.03638,0.9656
D01.SI,S68.SI,0.03644,0.3629
F99.SI,V03.SI,0.03651,0.0545
9CI.SI,H78.SI,0.03667,0.1232
5E2.SI,P40U.SI,0.0367,1.3918
BKA.SI,C52.SI,0.03679,1.2843
5E2.SI,H02.SI,0.03708,0.0255
5E2.SI,S68.SI,0.03719,0.0327
S20.SI,S68.SI,0.03721,0.0672
J36.SI,S68.SI,0.03723,5.7943
1D0.SI,BQD.SI,0.03724,1.0317
F99.SI,N2IU.SI,0.0375,0.7296
I07.SI,O10.SI,0.03756,0.3067
M44U.SI,P8Z.SI,0.03777,0.2405
40T.SI,K71U.SI,0.03792,-0.1511
E28.SI,H22.SI,0.03793,0.27
C52.SI,S20.SI,0.03794,0.3004
CRPU.SI,P8Z.SI,0.03798,0.0995
A17U.SI,BN2.SI,0.03801,1.2819
40T.SI,J36.SI,0.03804,-0.0012
40T.SI,D01.SI,0.03807,-0.0195
C07.SI,Q0F.SI,0.03812,11.273
BQD.SI,T6I.SI,0.03818,0.1017
P40U.SI,T6I.SI,0.03824,0.185
BQD.SI,UD1U.SI,0.0385,1.0395
5E2.SI,T6I.SI,0.03863,0.2395
40T.SI,U96.SI,0.03867,-0.022
5E2.SI,N2IU.SI,0.03877,0.4417
CC3.SI,D5IU.SI,0.03878,2.1188
5E2.SI,L19.SI,0.03884,0.371
5E2.SI,E3B.SI,0.03896,0.4296
ER0.SI,I07.SI,0.03897,1.5737
53W.SI,U11.SI,0.03907,0.0209
BQD.SI,O39.SI,0.03917,0.0151
2318.HK,C09.SI,0.03922,6.0176
H22.SI,Z74.SI,0.03936,1.1686
5E2.SI,MXNU.SI,0.0395,2.2585
S07.SI,S41.SI,0.03963,-0.1392
53W.SI,C07.SI,0.03984,0.0087
53W.SI,P8Z.SI,0.03987,0.1195
BQD.SI,F17.SI,0.03997,0.0692
5JS.SI,BUOU.SI,0.03999,0.3545
5E2.SI,CRPU.SI,0.04013,2.5799
E28.SI,H13.SI,0.0402,1.0013
5E2.SI,F03.SI,0.04032,0.0976
S07.SI,Z74.SI,0.04033,-0.0323
BQD.SI,Q0F.SI,0.04053,0.0856
5E2.SI,D01.SI,0.04065,0.0671
AJBU.SI,OYY.SI,0.04079,0.1554
M1GU.SI,P40U.SI,0.0408,1.1133
A17U.SI,AW9U.SI,0.04082,9.4631
5E2.SI,A17U.SI,0.04084,0.4575
BUOU.SI,D01.SI,0.04095,0.086
40T.SI,N2IU.SI,0.04096,-0.1082
H13.SI,H22.SI,0.04099,0.2682
C52.SI,U14.SI,0.04103,0.0244
S41.SI,T6I.SI,0.04105,0.4567
BQD.SI,S68.SI,0.04107,0.0123
L19.SI,Q01.SI,0.04108,1.9735
53W.SI,KJ5.SI,0.04142,0.9039
5E2.SI,S56.SI,0.04142,0.6212
5E2.SI,5WJ.SI,0.04165,0.2869
BKA.SI,QC7.SI,0.04174,0.9641
5E2.SI,Z74.SI,0.04181,0.0832
CRPU.SI,E3B.SI,0.04183,0.161
5WJ.SI,A31.SI,0.04184,6.9854
E5H.SI,JYEU.SI,0.04184,0.2771
53W.SI,F99.SI,0.04195,0.31
5JS.SI,J69U.SI,0.04199,0.2203
C52.SI,H78.SI,0.04205,0.0339
42L.SI,9CI.SI,0.04217,0.1403
1801.HK,Y92.SI,0.04226,-836.8745
5E2.SI,F17.SI,0.04232,0.1217
544.SI,A31.SI,0.04233,10.5544
ER0.SI,S20.SI,0.04234,0.4318
AJBU.SI,KJ5.SI,0.04263,2.3443
BUOU.SI,M14.SI,0.04275,0.4505
AW9U.SI,CLN.SI,0.04277,0.0925
S20.SI,T6I.SI,0.04278,0.5448
5E2.SI,K71U.SI,0.04284,0.7038
BQD.SI,U14.SI,0.04285,0.0153
C6L.SI,P15.SI,0.04286,2.6228
F99.SI,T6I.SI,0.04293,0.3737
CC3.SI,MZH.SI,0.04297,0.1152
5E2.SI,J69U.SI,0.04315,0.3944
A17U.SI,ER0.SI,0.04321,1.8296
1D0.SI,S56.SI,0.04324,0.2819
5E2.SI,U14.SI,0.04329,0.025
M14.SI,V03.SI,0.04353,0.0743
5JS.SI,OYY.SI,0.04356,0.0487
NR7.SI,Q0F.SI,0.04357,0.1261
42L.SI,S56.SI,0.04365,0.195
5E2.SI,C38U.SI,0.04371,0.279
5E2.SI,AP4.SI,0.04395,-0.3658
CLN.SI,CRPU.SI,0.04403,4.113
E5H.SI,ER0.SI,0.04408,0.2159
53W.SI,O10.SI,0.04418,0.2593
5E2.SI,G92.SI,0.04434,0.1709
C52.SI,HQU.SI,0.04445,0.1852
NPW.SI,V03.SI,0.04447,0.0556
P8Z.SI,S69.SI,0.04452,15.8331
5E2.SI,OXMU.SI,0.04456,2.8651
1D0.SI,G92.SI,0.04457,0.1135
CLN.SI,K71U.SI,0.04459,1.5151
BQD.SI,U06.SI,0.04462,0.0397
5JS.SI,P15.SI,0.04463,0.3538
558.SI,F03.SI,0.0447,0.2533
H22.SI,S68.SI,0.04472,0.3554
5JS.SI,QC7.SI,0.04483,0.2783
5E2.SI,M1GU.SI,0.04483,1.1237
53W.SI,5JS.SI,0.04487,1.0613
BKA.SI,P15.SI,0.04492,1.2867
1D0.SI,BN2.SI,0.04496,0.3415
5E2.SI,BQD.SI,0.04499,1.4459
U11.SI,V03.SI,0.04509,0.4381
5E2.SI,A31.SI,0.04511,1.4172
5LY.SI,BUOU.SI,0.04516,0.4774
5E2.SI,P8Z.SI,0.04519,0.138
5E2.SI,C09.SI,0.04528,0.0356
KJ5.SI,S56.SI,0.04546,0.248
5E2.SI,E5H.SI,0.0455,2.8052
BQD.SI,KJ5.SI,0.04551,0.6669
5E2.SI,H78.SI,0.04555,0.0408
CHZ.SI,V03.SI,0.04569,0.0197
5E2.SI,5TP.SI,0.04574,0.1229
40T.SI,5WF.SI,0.04581,-1.185
M1GU.SI,T6I.SI,0.04587,0.2077
D5IU.SI,NR7.SI,0.04607,-0.0632
E5H.SI,F99.SI,0.04613,0.162
C52.SI,H02.SI,0.04644,0.0199
C2PU.SI,C52.SI,0.04655,1.8089
2318.HK,Q01.SI,0.04669,147.5288
I07.SI,N2IU.SI,0.0467,0.3003
C52.SI,QC7.SI,0.04689,0.4238
5E2.SI,M14.SI,0.04691,0.1106
C52.SI,NS8U.SI,0.04696,1.4988
NPW.SI,S69.SI,0.04706,5.8112
BQD.SI,H22.SI,0.04711,0.0336
1MZ.SI,5WJ.SI,0.04711,1.2464
C52.SI,OYY.SI,0.04721,0.0706
BN2.SI,H13.SI,0.04737,0.4753
5E2.SI,BN2.SI,0.04737,0.6357
5JS.SI,D05.SI,0.04744,0.0046
E5H.SI,G13.SI,0.0475,0.5264
40T.SI,EB5.SI,0.04751,-0.0512
5E2.SI,OV8.SI,0.04765,0.0979
5E2.SI,S69.SI,0.0479,1.8469
5WF.SI,C52.SI,0.04794,0.1369
BQD.SI,E28.SI,0.04802,0.1045
BUOU.SI,Q0F.SI,0.04813,0.2323
5E2.SI,D5IU.SI,0.04836,1.8744
5E2.SI,A04.SI,0.04851,0.3402
5JS.SI,C38U.SI,0.04858,0.1416
BQD.SI,MXNU.SI,0.04859,0.6818
5E2.SI,S08.SI,0.04862,-0.075
5E2.SI,A7RU.SI,0.04867,1.2728
5E2.SI,CHZ.SI,0.04887,1.4876
5E2.SI,S41.SI,0.04889,0.566
D01.SI,NPW.SI,0.0489,6.6704
A17U.SI,J69U.SI,0.04907,1.2012
5E2.SI,F34.SI,0.04916,-0.0357
5E2.SI,V03.SI,0.04929,0.0301
5E2.SI,J36.SI,0.04929,0.0044
AJBU.SI,O10.SI,0.0493,0.6857
5E2.SI,EB5.SI,0.04939,0.1032
5E2.SI,BUOU.SI,0.04949,0.4709
N2IU.SI,S68.SI,0.04954,0.0608
53W.SI,P52.SI,0.04956,0.1334
5E2.SI,E28.SI,0.04957,0.3285
5E2.SI,5WF.SI,0.04968,8.3754
40T.SI,C6L.SI,0.04983,-0.0455
F99.SI,P40U.SI,0.04991,2.0047
